{"DefaultTint":{"r":0.6000000238418579,"g":0.6000000238418579,"b":0.699999988079071,"a":0.0},"FoldersData":{"Keys":[],"Values":[]}}